Workbook

Sheet Document_Control
A1: Document Control
A3: Document Title | B3: Design Controls — SpO2 AI Eval Pipeline
A4: Document Version | B4: 1.0
A5: Device/Software Version | B5: SpO2 AI Eval Pipeline v2.1
A6: Date Generated | B6: 2026-04-28
A7: Safety Class | B7: C
A8: QMS Document Number
A9: SOP Reference
A10: Related Risk Management File
A12: Approval Signatures
A13: Role | B13: Name | C13: Date | D13: Signature
A14: Prepared By
A15: Reviewed By (QA)
A16: Approved By (Management)

Sheet User_Needs
A1: ID | B1: Need Statement | C1: Source | D1: Priority | E1: Acceptance Criteria
A2: UN-001 | B2: System shall classify SpO2 traces into urgency tiers (normal, borderline, urgent, emergency) | C2: Clinical Requirements | D2: High | E2: Classification accuracy >= 85% across all tiers on held-out test set
A3: UN-002 | B3: System shall detect desaturation events below GA-adjusted thresholds | C3: Neonatal Guidelines (Castillo 2008) | D3: High | E3: Sensitivity >= 90% for desaturation events; false negative rate < 5%
A4: UN-003 | B4: System shall generate structured handoff reports for clinical review | C4: Nurse Workflow Analysis | D4: Medium | E4: Reports contain all required fields per SBAR format; 95% nurse satisfaction
A5: UN-004 | B5: System shall flag motion artifacts using accelerometer correlation | C5: Signal Processing Requirements | D5: Medium | E5: Artifact detection precision >= 80%; recall >= 75%
A6: UN-005 | B6: System shall route ambiguous cases to expert queue with confidence scores | C6: Clinical Safety Assessment | D6: High | E6: All cases with confidence < 0.7 routed to expert queue; zero missed critical cases

Sheet Design_Inputs
A1: ID | B1: Linked UN | C1: Requirement | D1: Type | E1: SW Safety Class | F1: Safety Class Rationale
A2: DI-001 | B2: UN-001 | C2: Implement 4-tier classification (normal >= 95%, borderline 90-94%, urgent 85-89%, emergency < 85%) with GA-adjusted thresholds | D2: Functional | E2: C | F2: Class C: Controls desaturation detection; misclassification could delay clinical intervention causing serious harm
A3: DI-002 | B3: UN-002 | C3: Detect SpO2 drops >= 4% from baseline sustained for >= 10 seconds, adjusted by gestational age per Castillo 2008 reference ranges | D3: Performance | E3: C | F3: Class C: Desat detection failure could result in undetected hypoxemia
A4: DI-003 | B4: UN-003 | C4: Generate JSON-structured handoff reports including patient ID, tier classification, desaturation events, trend summary, and recommended actions | D4: Functional | E4: B | F4: Class B: Report generation supports clinical workflow; failure delays but does not prevent intervention (alarms still active)
A5: DI-004 | B5: UN-004 | C5: Correlate accelerometer signal with SpO2 waveform; flag segments where motion correlation coefficient > 0.6 as artifact-contaminated | D5: Performance | E5: B | F5: Class B: Artifact flagging is supportive; false artifact flag on real data is caught by expert review queue
A6: DI-005 | B6: UN-005 | C6: Calculate classification confidence score (0.0-1.0) per trace; route to expert queue when confidence < 0.7; include top 3 differential classifications | D6: Safety | E6: C | F6: Class C: Expert queue routing failure could suppress ambiguous cases requiring clinical judgment

Sheet Design_Outputs
A1: ID | B1: Linked DI | C1: Output Description | D1: Verification Method
A2: DO-001 | B2: DI-001 | C2: Tier classification module with GA-adjusted threshold lookup table and 4-class output enum | D2: Test
A3: DO-002 | B3: DI-002 | C3: Desaturation detection algorithm with configurable baseline window and duration filter | D3: Test
A4: DO-003 | B4: DI-003 | C4: Handoff report generator producing SBAR-format JSON with all required clinical fields | D4: Inspection
A5: DO-004 | B5: DI-004 | C5: Motion artifact detector using sliding-window cross-correlation with accelerometer channel | D5: Test
A6: DO-005 | B6: DI-005 | C6: Confidence scoring module with softmax-based certainty metric and expert routing logic | D6: Test

Sheet Verification
A1: ID | B1: Linked DO | C1: Test Protocol | D1: Pass Criteria | E1: Status | F1: Test Data Source
A2: VER-001 | B2: DO-001 | C2: TP-001: Run classifier on 500-sample test set with known tier labels | D2: Overall accuracy >= 85%; per-tier F1 >= 0.80 | E2: Pending | F2: Synthetic dataset, N=300 traces, algorithm-generated per GA category
A3: VER-002 | B3: DO-002 | C3: TP-002: Inject synthetic desaturation events at known timestamps into 100 traces | D3: Sensitivity >= 90%; false negative rate < 5% | E3: Pending | F3: Internal NICU reference dataset, N=500 annotated events (Castillo 2008 thresholds)
A4: VER-003 | B4: DO-003 | C4: TP-003: Validate 50 generated reports against SBAR field schema | D4: 100% schema compliance; all required fields present | E4: Pending | F4: Synthetic handoff reports, N=50, template-validated
A5: VER-004 | B5: DO-004 | C5: TP-004: Run artifact detector on 200 segments with labeled motion/no-motion ground truth | D5: Precision >= 80%; recall >= 75% | E5: Pending | F5: Synthetic motion artifact dataset, N=200 traces with accelerometer correlation
A6: VER-005 | B6: DO-005 | C6: TP-005: Verify routing logic on 300 cases spanning confidence range 0.0-1.0 | D6: 100% of cases with confidence < 0.7 routed; zero missed critical (emergency tier) | E6: Pending | F6: Synthetic ambiguous cases, N=100, confidence score distribution validated

Sheet Validation
A1: ID | B1: Linked UN | C1: Validation Method | D1: Acceptance Criteria | E1: Status
A2: VAL-001 | B2: UN-001 | C2: Clinical simulation with 3 neonatologists reviewing 100 classified traces | D2: Clinician agreement with system classification >= 85% | E2: Pending
A3: VAL-002 | B3: UN-002 | C3: Retrospective analysis on NICU dataset with chart-confirmed desaturation events | D3: Sensitivity >= 90% vs. chart-confirmed events | E3: Pending
A4: VAL-003 | B4: UN-003 | C4: Usability study: 10 NICU nurses use handoff reports in simulated shift change | D4: >= 95% task completion; SUS score >= 70 | E4: Pending
A5: VAL-004 | B5: UN-004 | C5: Bench test with motion simulator generating known artifact patterns | D5: Artifact detection aligns with expert annotation in >= 80% of segments | E5: Pending
A6: VAL-005 | B6: UN-005 | C6: Prospective pilot: expert queue reviewed by senior clinician over 2-week period | D6: Zero false negatives for emergency-tier cases; expert queue volume < 20% of total | E6: Pending

Sheet Traceability_Matrix
A1: UN ID | B1: User Need | C1: DI ID | D1: Design Input | E1: DO ID | F1: Design Output | G1: VER ID | H1: VER Status | I1: VAL ID | J1: VAL Status
A2: UN-001 | B2: =VLOOKUP(A2,User_Needs!A:E,2,FALSE) | C2: DI-001 | D2: =VLOOKUP(C2,Design_Inputs!A:F,3,FALSE) | E2: DO-001 | F2: =VLOOKUP(E2,Design_Outputs!A:D,3,FALSE) | G2: VER-001 | H2: =VLOOKUP(G2,Verification!A:F,5,FALSE) | I2: VAL-001 | J2: =VLOOKUP(I2,Validation!A:E,5,FALSE)
A3: UN-002 | B3: =VLOOKUP(A3,User_Needs!A:E,2,FALSE) | C3: DI-002 | D3: =VLOOKUP(C3,Design_Inputs!A:F,3,FALSE) | E3: DO-002 | F3: =VLOOKUP(E3,Design_Outputs!A:D,3,FALSE) | G3: VER-002 | H3: =VLOOKUP(G3,Verification!A:F,5,FALSE) | I3: VAL-002 | J3: =VLOOKUP(I3,Validation!A:E,5,FALSE)
A4: UN-003 | B4: =VLOOKUP(A4,User_Needs!A:E,2,FALSE) | C4: DI-003 | D4: =VLOOKUP(C4,Design_Inputs!A:F,3,FALSE) | E4: DO-003 | F4: =VLOOKUP(E4,Design_Outputs!A:D,3,FALSE) | G4: VER-003 | H4: =VLOOKUP(G4,Verification!A:F,5,FALSE) | I4: VAL-003 | J4: =VLOOKUP(I4,Validation!A:E,5,FALSE)
A5: UN-004 | B5: =VLOOKUP(A5,User_Needs!A:E,2,FALSE) | C5: DI-004 | D5: =VLOOKUP(C5,Design_Inputs!A:F,3,FALSE) | E5: DO-004 | F5: =VLOOKUP(E5,Design_Outputs!A:D,3,FALSE) | G5: VER-004 | H5: =VLOOKUP(G5,Verification!A:F,5,FALSE) | I5: VAL-004 | J5: =VLOOKUP(I5,Validation!A:E,5,FALSE)
A6: UN-005 | B6: =VLOOKUP(A6,User_Needs!A:E,2,FALSE) | C6: DI-005 | D6: =VLOOKUP(C6,Design_Inputs!A:F,3,FALSE) | E6: DO-005 | F6: =VLOOKUP(E6,Design_Outputs!A:D,3,FALSE) | G6: VER-005 | H6: =VLOOKUP(G6,Verification!A:F,5,FALSE) | I6: VAL-005 | J6: =VLOOKUP(I6,Validation!A:E,5,FALSE)
A8: Summary Statistics
A9: Verification | B9: Pass: | C9: =COUNTIF(Verification!E:E,"Pass") | D9: Fail: | E9: =COUNTIF(Verification!E:E,"Fail") | F9: Pending: | G9: =COUNTIF(Verification!E:E,"Pending")
A10: Validation | B10: Pass: | C10: =COUNTIF(Validation!E:E,"Pass") | D10: Fail: | E10: =COUNTIF(Validation!E:E,"Fail") | F10: Pending: | G10: =COUNTIF(Validation!E:E,"Pending")
