Workbook

Sheet Document_Control
A1: Document Control
A3: Document Title | B3: Risk Analysis — SpO2 AI Eval Pipeline
A4: Document Version | B4: 1.0
A5: Device/Software Version | B5: SpO2 AI Eval Pipeline
A6: Date Generated | B6: 2026-04-28
A8: QMS Document Number
A9: SOP Reference
A10: Related Design Controls File
A12: Approval Signatures
A13: Role | B13: Name | C13: Date | D13: Signature
A14: Prepared By
A15: Reviewed By (QA)
A16: Approved By (Management)

Sheet Hazard_Identification
A1: Hazard ID | B1: Hazard | C1: Hazardous Situation | D1: Harm | E1: Sequence of Events
A2: HAZ-001 | B2: Misclassify urgent desaturation as normal | C2: Algorithm classifies a true urgent desaturation event as normal SpO2, and no alarm is triggered | D2: Delayed clinical intervention, potential brain injury | E2: Sensor captures low SpO2 -> AI model misclassifies severity -> no alarm fired -> clinician unaware -> delayed O2 therapy -> hypoxic brain injury
A3: HAZ-002 | B3: False positive artifact flag on real desaturation | C3: Real desaturation event is flagged as motion artifact and discarded from analysis | D3: Real desat discarded, delayed clinical response | E3: True desat occurs -> artifact filter misidentifies as noise -> event dropped -> clinician not notified -> delayed response
A4: HAZ-003 | B4: Sensor disconnect undetected | C4: Pulse oximetry sensor becomes disconnected and system does not alert nursing staff | D4: No monitoring during disconnect period | E4: Sensor dislodged -> signal loss -> system does not detect disconnect -> monitoring gap -> event missed
A5: HAZ-004 | B5: Wrong GA threshold applied | C5: Gestational age category is incorrectly assigned, causing wrong SpO2 thresholds to be used for classification | D5: Inappropriate urgency classification | E5: GA entered incorrectly or defaulted -> wrong threshold table selected -> classification uses wrong limits -> over/under-triage
A6: HAZ-005 | B6: Handoff report omits critical context | C6: AI-generated shift handoff report is missing key clinical context needed for care continuity | D6: Clinician makes suboptimal decision due to missing context | E6: Handoff report generated -> critical event omitted -> receiving clinician unaware of history -> suboptimal care decision

Sheet Risk_Estimation
A1: Hazard ID | B1: Severity (S1-S5) | C1: Probability (P1-P5) | D1: Risk Level
A2: HAZ-001 | B2: 4 | C2: 3 | D2: =IF(B2=1,IF(C2=1,"Acceptable",IF(C2=2,"Acceptable",IF(C2=3,"Acceptable",IF(C2=4,"Acceptable",IF(C2=5,"ALARP","ERROR"))))),IF(B2=2,IF(C2=1,"Acceptable",IF(C2=2,"Acceptable",IF(C2=3,"ALARP",IF(C2=4,"ALARP",IF(C2=5,"Unacceptable","ERROR"))))),IF(B2=3,IF(C2=1,"Acceptable",IF(C2=2,"ALARP",IF(C2=3,"ALARP",IF(C2=4,"Unacceptable",IF(C2=5,"Unacceptable","ERROR"))))),IF(B2=4,IF(C2=1,"ALARP",IF(C2=2,"ALARP",IF(C2=3,"Unacceptable",IF(C2=4,"Unacceptable",IF(C2=5,"Unacceptable","ERROR"))))),IF(B2=5,IF(C2=1,"ALARP",IF(C2=2,"Unacceptable",IF(C2=3,"Unacceptable",IF(C2=4,"Unacceptable",IF(C2=5,"Unacceptable","ERROR"))))),"ERROR")))))
A3: HAZ-002 | B3: 3 | C3: 4 | D3: =IF(B3=1,IF(C3=1,"Acceptable",IF(C3=2,"Acceptable",IF(C3=3,"Acceptable",IF(C3=4,"Acceptable",IF(C3=5,"ALARP","ERROR"))))),IF(B3=2,IF(C3=1,"Acceptable",IF(C3=2,"Acceptable",IF(C3=3,"ALARP",IF(C3=4,"ALARP",IF(C3=5,"Unacceptable","ERROR"))))),IF(B3=3,IF(C3=1,"Acceptable",IF(C3=2,"ALARP",IF(C3=3,"ALARP",IF(C3=4,"Unacceptable",IF(C3=5,"Unacceptable","ERROR"))))),IF(B3=4,IF(C3=1,"ALARP",IF(C3=2,"ALARP",IF(C3=3,"Unacceptable",IF(C3=4,"Unacceptable",IF(C3=5,"Unacceptable","ERROR"))))),IF(B3=5,IF(C3=1,"ALARP",IF(C3=2,"Unacceptable",IF(C3=3,"Unacceptable",IF(C3=4,"Unacceptable",IF(C3=5,"Unacceptable","ERROR"))))),"ERROR")))))
A4: HAZ-003 | B4: 3 | C4: 3 | D4: =IF(B4=1,IF(C4=1,"Acceptable",IF(C4=2,"Acceptable",IF(C4=3,"Acceptable",IF(C4=4,"Acceptable",IF(C4=5,"ALARP","ERROR"))))),IF(B4=2,IF(C4=1,"Acceptable",IF(C4=2,"Acceptable",IF(C4=3,"ALARP",IF(C4=4,"ALARP",IF(C4=5,"Unacceptable","ERROR"))))),IF(B4=3,IF(C4=1,"Acceptable",IF(C4=2,"ALARP",IF(C4=3,"ALARP",IF(C4=4,"Unacceptable",IF(C4=5,"Unacceptable","ERROR"))))),IF(B4=4,IF(C4=1,"ALARP",IF(C4=2,"ALARP",IF(C4=3,"Unacceptable",IF(C4=4,"Unacceptable",IF(C4=5,"Unacceptable","ERROR"))))),IF(B4=5,IF(C4=1,"ALARP",IF(C4=2,"Unacceptable",IF(C4=3,"Unacceptable",IF(C4=4,"Unacceptable",IF(C4=5,"Unacceptable","ERROR"))))),"ERROR")))))
A5: HAZ-004 | B5: 3 | C5: 2 | D5: =IF(B5=1,IF(C5=1,"Acceptable",IF(C5=2,"Acceptable",IF(C5=3,"Acceptable",IF(C5=4,"Acceptable",IF(C5=5,"ALARP","ERROR"))))),IF(B5=2,IF(C5=1,"Acceptable",IF(C5=2,"Acceptable",IF(C5=3,"ALARP",IF(C5=4,"ALARP",IF(C5=5,"Unacceptable","ERROR"))))),IF(B5=3,IF(C5=1,"Acceptable",IF(C5=2,"ALARP",IF(C5=3,"ALARP",IF(C5=4,"Unacceptable",IF(C5=5,"Unacceptable","ERROR"))))),IF(B5=4,IF(C5=1,"ALARP",IF(C5=2,"ALARP",IF(C5=3,"Unacceptable",IF(C5=4,"Unacceptable",IF(C5=5,"Unacceptable","ERROR"))))),IF(B5=5,IF(C5=1,"ALARP",IF(C5=2,"Unacceptable",IF(C5=3,"Unacceptable",IF(C5=4,"Unacceptable",IF(C5=5,"Unacceptable","ERROR"))))),"ERROR")))))
A6: HAZ-005 | B6: 2 | C6: 3 | D6: =IF(B6=1,IF(C6=1,"Acceptable",IF(C6=2,"Acceptable",IF(C6=3,"Acceptable",IF(C6=4,"Acceptable",IF(C6=5,"ALARP","ERROR"))))),IF(B6=2,IF(C6=1,"Acceptable",IF(C6=2,"Acceptable",IF(C6=3,"ALARP",IF(C6=4,"ALARP",IF(C6=5,"Unacceptable","ERROR"))))),IF(B6=3,IF(C6=1,"Acceptable",IF(C6=2,"ALARP",IF(C6=3,"ALARP",IF(C6=4,"Unacceptable",IF(C6=5,"Unacceptable","ERROR"))))),IF(B6=4,IF(C6=1,"ALARP",IF(C6=2,"ALARP",IF(C6=3,"Unacceptable",IF(C6=4,"Unacceptable",IF(C6=5,"Unacceptable","ERROR"))))),IF(B6=5,IF(C6=1,"ALARP",IF(C6=2,"Unacceptable",IF(C6=3,"Unacceptable",IF(C6=4,"Unacceptable",IF(C6=5,"Unacceptable","ERROR"))))),"ERROR")))))

Sheet Risk_Evaluation
A1: Hazard ID | B1: Risk Level | C1: Acceptability | D1: Rationale
A2: HAZ-001 | B2: =Risk_Estimation!D2 | C2: =Risk_Estimation!D2 | D2: Residual risk is ALARP: dual-threshold with GA adjustment reduces probability to Incredible; further reduction requires fundamentally different sensor technology which is impracticable
A3: HAZ-002 | B3: =Risk_Estimation!D3 | C3: =Risk_Estimation!D3 | D3: Residual risk is ALARP: confidence scoring routes uncertain cases to expert review; residual probability is Improbable
A4: HAZ-003 | B4: =Risk_Estimation!D4 | C4: =Risk_Estimation!D4 | D4: Residual risk is Acceptable: continuous signal check reduces probability to Incredible
A5: HAZ-004 | B5: =Risk_Estimation!D5 | C5: =Risk_Estimation!D5 | D5: Residual risk is Acceptable: validation at admission with boundary checks reduces probability to Incredible
A6: HAZ-005 | B6: =Risk_Estimation!D6 | C6: =Risk_Estimation!D6 | D6: Residual risk is Acceptable: mandatory fields ensure critical data inclusion; probability reduced to Improbable

Sheet Risk_Controls
A1: Control ID | B1: Hazard ID | C1: Control Measure | D1: Type | E1: Verification Method
A2: RC-001 | B2: HAZ-001 | C2: Dual-threshold validation with GA-adjusted limits | D2: Inherent safety by design | E2: Unit tests with edge-case SpO2 waveforms; clinical validation against expert labels (n>=200)
A3: RC-002 | B3: HAZ-002 | C3: Confidence scoring with expert queue fallback | D3: Protective measure | E3: ROC analysis on artifact vs. real desat test set; expert review queue audit (monthly)
A4: RC-003 | B4: HAZ-003 | C4: Signal continuity check every 5 seconds | D4: Protective measure | E4: Simulated disconnect test (n=50); verify alarm triggers within 10s of signal loss
A5: RC-004 | B5: HAZ-004 | C5: GA category validation at admission | D5: Inherent safety by design | E5: Input validation unit tests; GA boundary-value testing; admission workflow audit (quarterly)
A6: RC-005 | B6: HAZ-005 | C6: Structured template with mandatory fields | D6: Information for safety | E6: Template completeness validation; clinician usability testing (n>=10); monthly content audit

Sheet Residual_Risk
A1: Control ID | B1: Hazard ID | C1: Post-Control Severity (S1-S5) | D1: Post-Control Probability (P1-P5) | E1: Residual Risk Level | F1: Rationale
A2: RC-001 | B2: HAZ-001 | C2: 4 | D2: 1 | E2: =IF(C2=1,IF(D2=1,"Acceptable",IF(D2=2,"Acceptable",IF(D2=3,"Acceptable",IF(D2=4,"Acceptable",IF(D2=5,"ALARP","ERROR"))))),IF(C2=2,IF(D2=1,"Acceptable",IF(D2=2,"Acceptable",IF(D2=3,"ALARP",IF(D2=4,"ALARP",IF(D2=5,"Unacceptable","ERROR"))))),IF(C2=3,IF(D2=1,"Acceptable",IF(D2=2,"ALARP",IF(D2=3,"ALARP",IF(D2=4,"Unacceptable",IF(D2=5,"Unacceptable","ERROR"))))),IF(C2=4,IF(D2=1,"ALARP",IF(D2=2,"ALARP",IF(D2=3,"Unacceptable",IF(D2=4,"Unacceptable",IF(D2=5,"Unacceptable","ERROR"))))),IF(C2=5,IF(D2=1,"ALARP",IF(D2=2,"Unacceptable",IF(D2=3,"Unacceptable",IF(D2=4,"Unacceptable",IF(D2=5,"Unacceptable","ERROR"))))),"ERROR"))))) | F2: Residual risk is ALARP: dual-threshold with GA adjustment reduces probability to Incredible; further reduction requires fundamentally different sensor technology which is impracticable
A3: RC-002 | B3: HAZ-002 | C3: 3 | D3: 2 | E3: =IF(C3=1,IF(D3=1,"Acceptable",IF(D3=2,"Acceptable",IF(D3=3,"Acceptable",IF(D3=4,"Acceptable",IF(D3=5,"ALARP","ERROR"))))),IF(C3=2,IF(D3=1,"Acceptable",IF(D3=2,"Acceptable",IF(D3=3,"ALARP",IF(D3=4,"ALARP",IF(D3=5,"Unacceptable","ERROR"))))),IF(C3=3,IF(D3=1,"Acceptable",IF(D3=2,"ALARP",IF(D3=3,"ALARP",IF(D3=4,"Unacceptable",IF(D3=5,"Unacceptable","ERROR"))))),IF(C3=4,IF(D3=1,"ALARP",IF(D3=2,"ALARP",IF(D3=3,"Unacceptable",IF(D3=4,"Unacceptable",IF(D3=5,"Unacceptable","ERROR"))))),IF(C3=5,IF(D3=1,"ALARP",IF(D3=2,"Unacceptable",IF(D3=3,"Unacceptable",IF(D3=4,"Unacceptable",IF(D3=5,"Unacceptable","ERROR"))))),"ERROR"))))) | F3: Residual risk is ALARP: confidence scoring routes uncertain cases to expert review; residual probability is Improbable
A4: RC-003 | B4: HAZ-003 | C4: 3 | D4: 1 | E4: =IF(C4=1,IF(D4=1,"Acceptable",IF(D4=2,"Acceptable",IF(D4=3,"Acceptable",IF(D4=4,"Acceptable",IF(D4=5,"ALARP","ERROR"))))),IF(C4=2,IF(D4=1,"Acceptable",IF(D4=2,"Acceptable",IF(D4=3,"ALARP",IF(D4=4,"ALARP",IF(D4=5,"Unacceptable","ERROR"))))),IF(C4=3,IF(D4=1,"Acceptable",IF(D4=2,"ALARP",IF(D4=3,"ALARP",IF(D4=4,"Unacceptable",IF(D4=5,"Unacceptable","ERROR"))))),IF(C4=4,IF(D4=1,"ALARP",IF(D4=2,"ALARP",IF(D4=3,"Unacceptable",IF(D4=4,"Unacceptable",IF(D4=5,"Unacceptable","ERROR"))))),IF(C4=5,IF(D4=1,"ALARP",IF(D4=2,"Unacceptable",IF(D4=3,"Unacceptable",IF(D4=4,"Unacceptable",IF(D4=5,"Unacceptable","ERROR"))))),"ERROR"))))) | F4: Residual risk is Acceptable: continuous signal check reduces probability to Incredible
A5: RC-004 | B5: HAZ-004 | C5: 3 | D5: 1 | E5: =IF(C5=1,IF(D5=1,"Acceptable",IF(D5=2,"Acceptable",IF(D5=3,"Acceptable",IF(D5=4,"Acceptable",IF(D5=5,"ALARP","ERROR"))))),IF(C5=2,IF(D5=1,"Acceptable",IF(D5=2,"Acceptable",IF(D5=3,"ALARP",IF(D5=4,"ALARP",IF(D5=5,"Unacceptable","ERROR"))))),IF(C5=3,IF(D5=1,"Acceptable",IF(D5=2,"ALARP",IF(D5=3,"ALARP",IF(D5=4,"Unacceptable",IF(D5=5,"Unacceptable","ERROR"))))),IF(C5=4,IF(D5=1,"ALARP",IF(D5=2,"ALARP",IF(D5=3,"Unacceptable",IF(D5=4,"Unacceptable",IF(D5=5,"Unacceptable","ERROR"))))),IF(C5=5,IF(D5=1,"ALARP",IF(D5=2,"Unacceptable",IF(D5=3,"Unacceptable",IF(D5=4,"Unacceptable",IF(D5=5,"Unacceptable","ERROR"))))),"ERROR"))))) | F5: Residual risk is Acceptable: validation at admission with boundary checks reduces probability to Incredible
A6: RC-005 | B6: HAZ-005 | C6: 2 | D6: 2 | E6: =IF(C6=1,IF(D6=1,"Acceptable",IF(D6=2,"Acceptable",IF(D6=3,"Acceptable",IF(D6=4,"Acceptable",IF(D6=5,"ALARP","ERROR"))))),IF(C6=2,IF(D6=1,"Acceptable",IF(D6=2,"Acceptable",IF(D6=3,"ALARP",IF(D6=4,"ALARP",IF(D6=5,"Unacceptable","ERROR"))))),IF(C6=3,IF(D6=1,"Acceptable",IF(D6=2,"ALARP",IF(D6=3,"ALARP",IF(D6=4,"Unacceptable",IF(D6=5,"Unacceptable","ERROR"))))),IF(C6=4,IF(D6=1,"ALARP",IF(D6=2,"ALARP",IF(D6=3,"Unacceptable",IF(D6=4,"Unacceptable",IF(D6=5,"Unacceptable","ERROR"))))),IF(C6=5,IF(D6=1,"ALARP",IF(D6=2,"Unacceptable",IF(D6=3,"Unacceptable",IF(D6=4,"Unacceptable",IF(D6=5,"Unacceptable","ERROR"))))),"ERROR"))))) | F6: Residual risk is Acceptable: mandatory fields ensure critical data inclusion; probability reduced to Improbable

Sheet Overall_Residual_Risk
A1: Category | B1: Description | C1: Status | D1: Notes
A2: Individual Residual Risks | B2: All individual hazard residual risks are documented in the Residual_Risk sheet | C2: =IF(COUNTIF(Residual_Risk!E:E,"Unacceptable")=0,"Acceptable","Review Required")
A3: Risk Interaction Analysis | B3: Assessment of whether residual risks interact or compound | C3: Reviewed | D3: HAZ-001 (misclassification) and HAZ-002 (false artifact) could compound: if artifact flag suppresses real desat AND classification misses it, double failure path exists. Mitigated by expert queue (RC-005) which catches both.
A4: Risk Clusters Identified | B4: Groups of related residual risks | C4: Documented | D4: Cluster 1: Information hazards (HAZ-001, HAZ-002, HAZ-005) — all relate to incorrect clinical information. Cluster 2: Detection hazards (HAZ-003, HAZ-004) — relate to system configuration/connectivity.
A5: Benefit-Risk Conclusion | B5: Overall assessment of acceptability considering intended use benefits | C5: Acceptable | D5: Benefits of automated SpO2 triage (reduced alarm fatigue, faster clinical response, GA-adjusted thresholds) outweigh residual risks. All unacceptable risks reduced to ALARP or Acceptable. No unacceptable residual risks remain.
A6: Post-Market Monitoring Plan | B6: How field data feeds back into risk analysis | C6: Defined | D6: Complaint handling per QMS procedure. Quarterly review of classification accuracy vs. clinical outcomes. CAPA process triggers re-analysis if new failure modes identified.
A7: Overall Conclusion | B7: =IF(AND(C2="Acceptable",C3="Reviewed",C4="Documented",C5="Acceptable",C6="Defined"),"ACCEPTABLE — Proceed to release","REVIEW REQUIRED — Resolve open items")

Sheet FMEA
A1: Hazard ID | B1: Failure Mode | C1: Effect | D1: Cause | E1: Severity (S) | F1: Occurrence (O) | G1: Detection (D) | H1: RPN
A2: HAZ-001 | B2: Classification algorithm outputs 'normal' for SpO2 < 85% | C2: No alarm triggered for urgent desaturation | D2: Model undertrained on preterm-specific waveforms | E2: 8 | F2: 4 | G2: 3 | H2: =E2*F2*G2
A3: HAZ-002 | B3: Artifact filter rejects waveform segments with SpO2 < 88% | C3: Desaturation event not recorded or alarmed | D3: Artifact filter threshold too aggressive for low-signal conditions | E3: 6 | F3: 5 | G3: 4 | H3: =E3*F3*G3
A4: HAZ-003 | B4: System does not generate disconnect alarm within 30s | C4: Monitoring gap during sensor disconnect | D4: Signal loss detection logic has timeout > clinical threshold | E4: 6 | F4: 3 | G4: 2 | H4: =E4*F4*G4
A5: HAZ-004 | B5: GA lookup returns incorrect category for edge-case gestational ages | C5: SpO2 thresholds do not match patient's clinical profile | D5: Off-by-one error in GA week boundary logic | E5: 6 | F5: 3 | G5: 2 | H5: =E5*F5*G5
A6: HAZ-005 | B6: Handoff template renders with empty mandatory fields | C6: Clinician receives incomplete handoff information | D6: Template logic does not enforce required field population | E6: 4 | F6: 4 | G6: 3 | H6: =E6*F6*G6
